Workbook

Sheet Summary
A1: Speaker Identification — Results Summary
A2: Smart Subtitle Glasses FYP · Sprint 1 Speaker Embedding Experiment
A4: Metric | B4: Value
A5: Known-speaker accuracy — Threshold A (0.70) | B5: ='Raw Results'!B66 -> 0.375
A6: Known-speaker accuracy — Threshold B (0.40) | B6: ='Raw Results'!C66 -> 1
A7: Unknown-speaker rejection — Threshold A (0.70) | B7: ='Raw Results'!B67 -> 1
A8: Unknown-speaker rejection — Threshold B (0.40) | B8: ='Raw Results'!C67 -> 1
A9: Overall accuracy — Threshold A (0.70) | B9: ='Raw Results'!B68 -> 0.55357143
A10: Overall accuracy — Threshold B (0.40) | B10: ='Raw Results'!C68 -> 1
A12: Adjust thresholds on the 'Raw Results' sheet (cells B3 / B4) — every number here recalculates automatically.
A14: Scope: 2 enrolled speakers (Ayesha, Sabeeh), 10 known-speaker test clips, 7 unknown-speaker clips, clean audio.

Sheet Raw Results
A1: Speaker Identification — Raw Results & Threshold Calculator
A3: Threshold A (original): | B3: 0.7
A4: Threshold B (calibrated): | B4: 0.4
A6: Test Clip | B6: Enrollment Duration | C6: Ground Truth | D6: Best Match (Argmax) | E6: Similarity Score | F6: Identified @ Threshold A | G6: Correct @ A | H6: Identified @ Threshold B | I6: Correct @ B
A7: Sabeeh1.wav | B7: 5s | C7: Sabeeh | D7: Sabeeh | E7: 0.5129 | F7: =IF(E7>=$B$3,D7,"UNKNOWN") -> UNKNOWN | G7: =IF(F7=C7,1,0) -> 0 | H7: =IF(E7>=$B$4,D7,"UNKNOWN") -> Sabeeh | I7: =IF(H7=C7,1,0) -> 1
A8: Sabeeh2.wav | B8: 5s | C8: Sabeeh | D8: Sabeeh | E8: 0.5333 | F8: =IF(E8>=$B$3,D8,"UNKNOWN") -> UNKNOWN | G8: =IF(F8=C8,1,0) -> 0 | H8: =IF(E8>=$B$4,D8,"UNKNOWN") -> Sabeeh | I8: =IF(H8=C8,1,0) -> 1
A9: Sabeeh3.wav | B9: 5s | C9: Sabeeh | D9: Sabeeh | E9: 0.4626 | F9: =IF(E9>=$B$3,D9,"UNKNOWN") -> UNKNOWN | G9: =IF(F9=C9,1,0) -> 0 | H9: =IF(E9>=$B$4,D9,"UNKNOWN") -> Sabeeh | I9: =IF(H9=C9,1,0) -> 1
A10: Sabeeh4.wav | B10: 5s | C10: Sabeeh | D10: Sabeeh | E10: 0.4289 | F10: =IF(E10>=$B$3,D10,"UNKNOWN") -> UNKNOWN | G10: =IF(F10=C10,1,0) -> 0 | H10: =IF(E10>=$B$4,D10,"UNKNOWN") -> Sabeeh | I10: =IF(H10=C10,1,0) -> 1
A11: Sabeeh5.wav | B11: 5s | C11: Sabeeh | D11: Sabeeh | E11: 0.439 | F11: =IF(E11>=$B$3,D11,"UNKNOWN") -> UNKNOWN | G11: =IF(F11=C11,1,0) -> 0 | H11: =IF(E11>=$B$4,D11,"UNKNOWN") -> Sabeeh | I11: =IF(H11=C11,1,0) -> 1
A12: Ayesha2.wav | B12: 5s | C12: Ayesha | D12: Ayesha | E12: 0.7668 | F12: =IF(E12>=$B$3,D12,"UNKNOWN") -> Ayesha | G12: =IF(F12=C12,1,0) -> 1 | H12: =IF(E12>=$B$4,D12,"UNKNOWN") -> Ayesha | I12: =IF(H12=C12,1,0) -> 1
A13: Ayesha3.wav | B13: 5s | C13: Ayesha | D13: Ayesha | E13: 0.5706 | F13: =IF(E13>=$B$3,D13,"UNKNOWN") -> UNKNOWN | G13: =IF(F13=C13,1,0) -> 0 | H13: =IF(E13>=$B$4,D13,"UNKNOWN") -> Ayesha | I13: =IF(H13=C13,1,0) -> 1
A14: Ayesha4.wav | B14: 5s | C14: Ayesha | D14: Ayesha | E14: 0.6572 | F14: =IF(E14>=$B$3,D14,"UNKNOWN") -> UNKNOWN | G14: =IF(F14=C14,1,0) -> 0 | H14: =IF(E14>=$B$4,D14,"UNKNOWN") -> Ayesha | I14: =IF(H14=C14,1,0) -> 1
A15: Ayesha5.wav | B15: 5s | C15: Ayesha | D15: Ayesha | E15: 0.6125 | F15: =IF(E15>=$B$3,D15,"UNKNOWN") -> UNKNOWN | G15: =IF(F15=C15,1,0) -> 0 | H15: =IF(E15>=$B$4,D15,"UNKNOWN") -> Ayesha | I15: =IF(H15=C15,1,0) -> 1
A16: Ayesha1.wav | B16: 5s | C16: Ayesha | D16: Ayesha | E16: 0.7529 | F16: =IF(E16>=$B$3,D16,"UNKNOWN") -> Ayesha | G16: =IF(F16=C16,1,0) -> 1 | H16: =IF(E16>=$B$4,D16,"UNKNOWN") -> Ayesha | I16: =IF(H16=C16,1,0) -> 1
A17: U4.wav | B17: 5s | C17: UNKNOWN | D17: Sabeeh | E17: 0.1507 | F17: =IF(E17>=$B$3,D17,"UNKNOWN") -> UNKNOWN | G17: =IF(F17=C17,1,0) -> 1 | H17: =IF(E17>=$B$4,D17,"UNKNOWN") -> UNKNOWN | I17: =IF(H17=C17,1,0) -> 1
A18: U2.wav | B18: 5s | C18: UNKNOWN | D18: Ayesha | E18: 0.2425 | F18: =IF(E18>=$B$3,D18,"UNKNOWN") -> UNKNOWN | G18: =IF(F18=C18,1,0) -> 1 | H18: =IF(E18>=$B$4,D18,"UNKNOWN") -> UNKNOWN | I18: =IF(H18=C18,1,0) -> 1
... A62: U1.wav | B62: 30s | C62: UNKNOWN | D62: Sabeeh | E62: 0.0998 | F62: =IF(E62>=$B$3,D62,"UNKNOWN") -> UNKNOWN | G62: =IF(F62=C62,1,0) -> 1 | H62: =IF(E62>=$B$4,D62,"UNKNOWN") -> UNKNOWN | I62: =IF(H62=C62,1,0) -> 1
A64: SUMMARY
A65: Metric | B65: @ Threshold A (0.70) | C65: @ Threshold B (0.40)
A66: Known-speaker accuracy | B66: =COUNTIFS(C7:C62,"<>UNKNOWN",G7:G62,1)/COUNTIF(C7:C62,"<>UNKNOWN") -> 0.375 | C66: =COUNTIFS(C7:C62,"<>UNKNOWN",I7:I62,1)/COUNTIF(C7:C62,"<>UNKNOWN") -> 1
A67: Unknown-speaker rejection | B67: =COUNTIFS(C7:C62,"UNKNOWN",G7:G62,1)/COUNTIF(C7:C62,"UNKNOWN") -> 1 | C67: =COUNTIFS(C7:C62,"UNKNOWN",I7:I62,1)/COUNTIF(C7:C62,"UNKNOWN") -> 1
A68: Overall accuracy | B68: =COUNTIF(G7:G62,1)/COUNT(G7:G62) -> 0.55357143 | C68: =COUNTIF(I7:I62,1)/COUNT(I7:I62) -> 1

Sheet Threshold Sweep
A1: Accuracy vs. Rejection Threshold
A2: Sweeps the rejection threshold from 0.20 to 0.76 and recomputes accuracy at each point from the Raw Results data.
A4: Threshold | B4: Known-Speaker Accuracy | C4: Unknown Rejection | D4: Overall Accuracy
A5: 0.2 | B5: =SUMPRODUCT(('Raw Results'!$C$7:$C$62<>"UNKNOWN")*('Raw Results'!$E$7:$E$62>=A5)*('Raw Results'!$D$7:$D$62='Raw Results'!$C$7:$C$62))/COUNTIF('Raw Results'!$C$7:$C$62,"<>UNKNOWN") -> 1 | C5: =SUMPRODUCT(('Raw Results'!$C$7:$C$62="UNKNOWN")*('Raw Results'!$E$7:$E$62<A5))/COUNTIF('Raw Results'!$C$7:$C$62,"UNKNOWN") -> 0.3125 | D5: =(SUMPRODUCT(('Raw Results'!$C$7:$C$62<>"UNKNOWN")*('Raw Results'!$E$7:$E$62>=A5)*('Raw Results'!$D$7:$D$62='Raw Results'!$C$7:$C$62))+SUMPRODUCT(('Raw Results'!$C$7:$C$62="UNKNOWN")*('Raw Results'!$E$7:$E$62<A5)))/56 -> 0.80357143
A6: 0.22 | B6: =SUMPRODUCT(('Raw Results'!$C$7:$C$62<>"UNKNOWN")*('Raw Results'!$E$7:$E$62>=A6)*('Raw Results'!$D$7:$D$62='Raw Results'!$C$7:$C$62))/COUNTIF('Raw Results'!$C$7:$C$62,"<>UNKNOWN") -> 1 | C6: =SUMPRODUCT(('Raw Results'!$C$7:$C$62="UNKNOWN")*('Raw Results'!$E$7:$E$62<A6))/COUNTIF('Raw Results'!$C$7:$C$62,"UNKNOWN") -> 0.375 | D6: =(SUMPRODUCT(('Raw Results'!$C$7:$C$62<>"UNKNOWN")*('Raw Results'!$E$7:$E$62>=A6)*('Raw Results'!$D$7:$D$62='Raw Results'!$C$7:$C$62))+SUMPRODUCT(('Raw Results'!$C$7:$C$62="UNKNOWN")*('Raw Results'!$E$7:$E$62<A6)))/56 -> 0.82142857
A7: 0.24 | B7: =SUMPRODUCT(('Raw Results'!$C$7:$C$62<>"UNKNOWN")*('Raw Results'!$E$7:$E$62>=A7)*('Raw Results'!$D$7:$D$62='Raw Results'!$C$7:$C$62))/COUNTIF('Raw Results'!$C$7:$C$62,"<>UNKNOWN") -> 1 | C7: =SUMPRODUCT(('Raw Results'!$C$7:$C$62="UNKNOWN")*('Raw Results'!$E$7:$E$62<A7))/COUNTIF('Raw Results'!$C$7:$C$62,"UNKNOWN") -> 0.375 | D7: =(SUMPRODUCT(('Raw Results'!$C$7:$C$62<>"UNKNOWN")*('Raw Results'!$E$7:$E$62>=A7)*('Raw Results'!$D$7:$D$62='Raw Results'!$C$7:$C$62))+SUMPRODUCT(('Raw Results'!$C$7:$C$62="UNKNOWN")*('Raw Results'!$E$7:$E$62<A7)))/56 -> 0.82142857
A8: 0.26 | B8: =SUMPRODUCT(('Raw Results'!$C$7:$C$62<>"UNKNOWN")*('Raw Results'!$E$7:$E$62>=A8)*('Raw Results'!$D$7:$D$62='Raw Results'!$C$7:$C$62))/COUNTIF('Raw Results'!$C$7:$C$62,"<>UNKNOWN") -> 1 | C8: =SUMPRODUCT(('Raw Results'!$C$7:$C$62="UNKNOWN")*('Raw Results'!$E$7:$E$62<A8))/COUNTIF('Raw Results'!$C$7:$C$62,"UNKNOWN") -> 0.4375 | D8: =(SUMPRODUCT(('Raw Results'!$C$7:$C$62<>"UNKNOWN")*('Raw Results'!$E$7:$E$62>=A8)*('Raw Results'!$D$7:$D$62='Raw Results'!$C$7:$C$62))+SUMPRODUCT(('Raw Results'!$C$7:$C$62="UNKNOWN")*('Raw Results'!$E$7:$E$62<A8)))/56 -> 0.83928571
A9: 0.28 | B9: =SUMPRODUCT(('Raw Results'!$C$7:$C$62<>"UNKNOWN")*('Raw Results'!$E$7:$E$62>=A9)*('Raw Results'!$D$7:$D$62='Raw Results'!$C$7:$C$62))/COUNTIF('Raw Results'!$C$7:$C$62,"<>UNKNOWN") -> 1 | C9: =SUMPRODUCT(('Raw Results'!$C$7:$C$62="UNKNOWN")*('Raw Results'!$E$7:$E$62<A9))/COUNTIF('Raw Results'!$C$7:$C$62,"UNKNOWN") -> 0.6875 | D9: =(SUMPRODUCT(('Raw Results'!$C$7:$C$62<>"UNKNOWN")*('Raw Results'!$E$7:$E$62>=A9)*('Raw Results'!$D$7:$D$62='Raw Results'!$C$7:$C$62))+SUMPRODUCT(('Raw Results'!$C$7:$C$62="UNKNOWN")*('Raw Results'!$E$7:$E$62<A9)))/56 -> 0.91071429
A10: 0.3 | B10: =SUMPRODUCT(('Raw Results'!$C$7:$C$62<>"UNKNOWN")*('Raw Results'!$E$7:$E$62>=A10)*('Raw Results'!$D$7:$D$62='Raw Results'!$C$7:$C$62))/COUNTIF('Raw Results'!$C$7:$C$62,"<>UNKNOWN") -> 1 | C10: =SUMPRODUCT(('Raw Results'!$C$7:$C$62="UNKNOWN")*('Raw Results'!$E$7:$E$62<A10))/COUNTIF('Raw Results'!$C$7:$C$62,"UNKNOWN") -> 0.8125 | D10: =(SUMPRODUCT(('Raw Results'!$C$7:$C$62<>"UNKNOWN")*('Raw Results'!$E$7:$E$62>=A10)*('Raw Results'!$D$7:$D$62='Raw Results'!$C$7:$C$62))+SUMPRODUCT(('Raw Results'!$C$7:$C$62="UNKNOWN")*('Raw Results'!$E$7:$E$62<A10)))/56 -> 0.94642857
A11: 0.32 | B11: =SUMPRODUCT(('Raw Results'!$C$7:$C$62<>"UNKNOWN")*('Raw Results'!$E$7:$E$62>=A11)*('Raw Results'!$D$7:$D$62='Raw Results'!$C$7:$C$62))/COUNTIF('Raw Results'!$C$7:$C$62,"<>UNKNOWN") -> 1 | C11: =SUMPRODUCT(('Raw Results'!$C$7:$C$62="UNKNOWN")*('Raw Results'!$E$7:$E$62<A11))/COUNTIF('Raw Results'!$C$7:$C$62,"UNKNOWN") -> 0.875 | D11: =(SUMPRODUCT(('Raw Results'!$C$7:$C$62<>"UNKNOWN")*('Raw Results'!$E$7:$E$62>=A11)*('Raw Results'!$D$7:$D$62='Raw Results'!$C$7:$C$62))+SUMPRODUCT(('Raw Results'!$C$7:$C$62="UNKNOWN")*('Raw Results'!$E$7:$E$62<A11)))/56 -> 0.96428571
A12: 0.34 | B12: =SUMPRODUCT(('Raw Results'!$C$7:$C$62<>"UNKNOWN")*('Raw Results'!$E$7:$E$62>=A12)*('Raw Results'!$D$7:$D$62='Raw Results'!$C$7:$C$62))/COUNTIF('Raw Results'!$C$7:$C$62,"<>UNKNOWN") -> 1 | C12: =SUMPRODUCT(('Raw Results'!$C$7:$C$62="UNKNOWN")*('Raw Results'!$E$7:$E$62<A12))/COUNTIF('Raw Results'!$C$7:$C$62,"UNKNOWN") -> 0.9375 | D12: =(SUMPRODUCT(('Raw Results'!$C$7:$C$62<>"UNKNOWN")*('Raw Results'!$E$7:$E$62>=A12)*('Raw Results'!$D$7:$D$62='Raw Results'!$C$7:$C$62))+SUMPRODUCT(('Raw Results'!$C$7:$C$62="UNKNOWN")*('Raw Results'!$E$7:$E$62<A12)))/56 -> 0.98214286
A13: 0.36 | B13: =SUMPRODUCT(('Raw Results'!$C$7:$C$62<>"UNKNOWN")*('Raw Results'!$E$7:$E$62>=A13)*('Raw Results'!$D$7:$D$62='Raw Results'!$C$7:$C$62))/COUNTIF('Raw Results'!$C$7:$C$62,"<>UNKNOWN") -> 1 | C13: =SUMPRODUCT(('Raw Results'!$C$7:$C$62="UNKNOWN")*('Raw Results'!$E$7:$E$62<A13))/COUNTIF('Raw Results'!$C$7:$C$62,"UNKNOWN") -> 0.9375 | D13: =(SUMPRODUCT(('Raw Results'!$C$7:$C$62<>"UNKNOWN")*('Raw Results'!$E$7:$E$62>=A13)*('Raw Results'!$D$7:$D$62='Raw Results'!$C$7:$C$62))+SUMPRODUCT(('Raw Results'!$C$7:$C$62="UNKNOWN")*('Raw Results'!$E$7:$E$62<A13)))/56 -> 0.98214286
A14: 0.38 | B14: =SUMPRODUCT(('Raw Results'!$C$7:$C$62<>"UNKNOWN")*('Raw Results'!$E$7:$E$62>=A14)*('Raw Results'!$D$7:$D$62='Raw Results'!$C$7:$C$62))/COUNTIF('Raw Results'!$C$7:$C$62,"<>UNKNOWN") -> 1 | C14: =SUMPRODUCT(('Raw Results'!$C$7:$C$62="UNKNOWN")*('Raw Results'!$E$7:$E$62<A14))/COUNTIF('Raw Results'!$C$7:$C$62,"UNKNOWN") -> 1 | D14: =(SUMPRODUCT(('Raw Results'!$C$7:$C$62<>"UNKNOWN")*('Raw Results'!$E$7:$E$62>=A14)*('Raw Results'!$D$7:$D$62='Raw Results'!$C$7:$C$62))+SUMPRODUCT(('Raw Results'!$C$7:$C$62="UNKNOWN")*('Raw Results'!$E$7:$E$62<A14)))/56 -> 1
A15: 0.4 | B15: =SUMPRODUCT(('Raw Results'!$C$7:$C$62<>"UNKNOWN")*('Raw Results'!$E$7:$E$62>=A15)*('Raw Results'!$D$7:$D$62='Raw Results'!$C$7:$C$62))/COUNTIF('Raw Results'!$C$7:$C$62,"<>UNKNOWN") -> 1 | C15: =SUMPRODUCT(('Raw Results'!$C$7:$C$62="UNKNOWN")*('Raw Results'!$E$7:$E$62<A15))/COUNTIF('Raw Results'!$C$7:$C$62,"UNKNOWN") -> 1 | D15: =(SUMPRODUCT(('Raw Results'!$C$7:$C$62<>"UNKNOWN")*('Raw Results'!$E$7:$E$62>=A15)*('Raw Results'!$D$7:$D$62='Raw Results'!$C$7:$C$62))+SUMPRODUCT(('Raw Results'!$C$7:$C$62="UNKNOWN")*('Raw Results'!$E$7:$E$62<A15)))/56 -> 1
A16: 0.42 | B16: =SUMPRODUCT(('Raw Results'!$C$7:$C$62<>"UNKNOWN")*('Raw Results'!$E$7:$E$62>=A16)*('Raw Results'!$D$7:$D$62='Raw Results'!$C$7:$C$62))/COUNTIF('Raw Results'!$C$7:$C$62,"<>UNKNOWN") -> 1 | C16: =SUMPRODUCT(('Raw Results'!$C$7:$C$62="UNKNOWN")*('Raw Results'!$E$7:$E$62<A16))/COUNTIF('Raw Results'!$C$7:$C$62,"UNKNOWN") -> 1 | D16: =(SUMPRODUCT(('Raw Results'!$C$7:$C$62<>"UNKNOWN")*('Raw Results'!$E$7:$E$62>=A16)*('Raw Results'!$D$7:$D$62='Raw Results'!$C$7:$C$62))+SUMPRODUCT(('Raw Results'!$C$7:$C$62="UNKNOWN")*('Raw Results'!$E$7:$E$62<A16)))/56 -> 1
... A33: 0.76 | B33: =SUMPRODUCT(('Raw Results'!$C$7:$C$62<>"UNKNOWN")*('Raw Results'!$E$7:$E$62>=A33)*('Raw Results'!$D$7:$D$62='Raw Results'!$C$7:$C$62))/COUNTIF('Raw Results'!$C$7:$C$62,"<>UNKNOWN") -> 0.25 | C33: =SUMPRODUCT(('Raw Results'!$C$7:$C$62="UNKNOWN")*('Raw Results'!$E$7:$E$62<A33))/COUNTIF('Raw Results'!$C$7:$C$62,"UNKNOWN") -> 1 | D33: =(SUMPRODUCT(('Raw Results'!$C$7:$C$62<>"UNKNOWN")*('Raw Results'!$E$7:$E$62>=A33)*('Raw Results'!$D$7:$D$62='Raw Results'!$C$7:$C$62))+SUMPRODUCT(('Raw Results'!$C$7:$C$62="UNKNOWN")*('Raw Results'!$E$7:$E$62<A33)))/56 -> 0.46428571

Sheet Duration Comparison
A1: Accuracy by Enrollment Length
A2: Known-speaker identification accuracy at each enrollment duration, before vs. after threshold calibration.
A4: Enrollment Duration | B4: Accuracy @ Threshold A (0.70) | C4: Accuracy @ Threshold B (0.40)
A5: 5s | B5: =SUMPRODUCT(('Raw Results'!$C$7:$C$62<>"UNKNOWN")*('Raw Results'!$B$7:$B$62=A5)*('Raw Results'!$E$7:$E$62>='Raw Results'!$B$3)*('Raw Results'!$D$7:$D$62='Raw Results'!$C$7:$C$62))/SUMPRODUCT(('Raw Results'!$C$7:$C$62<>"UNKNOWN")*('Raw Results'!$B$7:$B$62=A5)) -> 0.2 | C5: =SUMPRODUCT(('Raw Results'!$C$7:$C$62<>"UNKNOWN")*('Raw Results'!$B$7:$B$62=A5)*('Raw Results'!$E$7:$E$62>='Raw Results'!$B$4)*('Raw Results'!$D$7:$D$62='Raw Results'!$C$7:$C$62))/SUMPRODUCT(('Raw Results'!$C$7:$C$62<>"UNKNOWN")*('Raw Results'!$B$7:$B$62=A5)) -> 1
A6: 10s | B6: =SUMPRODUCT(('Raw Results'!$C$7:$C$62<>"UNKNOWN")*('Raw Results'!$B$7:$B$62=A6)*('Raw Results'!$E$7:$E$62>='Raw Results'!$B$3)*('Raw Results'!$D$7:$D$62='Raw Results'!$C$7:$C$62))/SUMPRODUCT(('Raw Results'!$C$7:$C$62<>"UNKNOWN")*('Raw Results'!$B$7:$B$62=A6)) -> 0.3 | C6: =SUMPRODUCT(('Raw Results'!$C$7:$C$62<>"UNKNOWN")*('Raw Results'!$B$7:$B$62=A6)*('Raw Results'!$E$7:$E$62>='Raw Results'!$B$4)*('Raw Results'!$D$7:$D$62='Raw Results'!$C$7:$C$62))/SUMPRODUCT(('Raw Results'!$C$7:$C$62<>"UNKNOWN")*('Raw Results'!$B$7:$B$62=A6)) -> 1
A7: 15s | B7: =SUMPRODUCT(('Raw Results'!$C$7:$C$62<>"UNKNOWN")*('Raw Results'!$B$7:$B$62=A7)*('Raw Results'!$E$7:$E$62>='Raw Results'!$B$3)*('Raw Results'!$D$7:$D$62='Raw Results'!$C$7:$C$62))/SUMPRODUCT(('Raw Results'!$C$7:$C$62<>"UNKNOWN")*('Raw Results'!$B$7:$B$62=A7)) -> 0.6 | C7: =SUMPRODUCT(('Raw Results'!$C$7:$C$62<>"UNKNOWN")*('Raw Results'!$B$7:$B$62=A7)*('Raw Results'!$E$7:$E$62>='Raw Results'!$B$4)*('Raw Results'!$D$7:$D$62='Raw Results'!$C$7:$C$62))/SUMPRODUCT(('Raw Results'!$C$7:$C$62<>"UNKNOWN")*('Raw Results'!$B$7:$B$62=A7)) -> 1
A8: 30s | B8: =SUMPRODUCT(('Raw Results'!$C$7:$C$62<>"UNKNOWN")*('Raw Results'!$B$7:$B$62=A8)*('Raw Results'!$E$7:$E$62>='Raw Results'!$B$3)*('Raw Results'!$D$7:$D$62='Raw Results'!$C$7:$C$62))/SUMPRODUCT(('Raw Results'!$C$7:$C$62<>"UNKNOWN")*('Raw Results'!$B$7:$B$62=A8)) -> 0.4 | C8: =SUMPRODUCT(('Raw Results'!$C$7:$C$62<>"UNKNOWN")*('Raw Results'!$B$7:$B$62=A8)*('Raw Results'!$E$7:$E$62>='Raw Results'!$B$4)*('Raw Results'!$D$7:$D$62='Raw Results'!$C$7:$C$62))/SUMPRODUCT(('Raw Results'!$C$7:$C$62<>"UNKNOWN")*('Raw Results'!$B$7:$B$62=A8)) -> 1
